{"medical": {"accuracy": 0.561865189289012, "precision": 0.5630233867127992, "recall": 0.561865189289012, "f1_score": 0.5611715377203867}, "financial": {"accuracy": 0.8455598455598455, "precision": 0.8434275184275184, "recall": 0.8455598455598455, "f1_score": 0.844108362804018}}