{"medical": {"accuracy": 0.5891043397968606, "precision": 0.5960949421923115, "recall": 0.5891043397968606, "f1_score": 0.5884020797012846}, "financial": {"accuracy": 0.7876447876447876, "precision": 0.791115487346643, "recall": 0.7876447876447876, "f1_score": 0.767358784359363}}