{"medical": {"accuracy": 0.5914127423822715, "precision": 0.6007172980840416, "recall": 0.5914127423822715, "f1_score": 0.5908181861854078}, "financial": {"accuracy": 0.6737451737451737, "precision": 0.614547890386263, "recall": 0.6737451737451737, "f1_score": 0.618183220580481}}